session_id,request_number,attempt_number,request_id,strategy,timestamp,server_port,success,latency_ms,request_complete,request_success
2026-01-20_07-15-59,1,1,W74xm8Gx224931LapLyfqLby,v2,1768911377.669885,4003,True,3.231832990422845,True,True
2026-01-20_07-15-59,2,1,cG7ylQlLpToLxjgaCDJ8GyPY,v2,1768911377.7667341,4000,True,2.002374967560172,True,True
2026-01-20_07-15-59,3,1,qpROEbIQBV6uXY8ARyzvQsQa,v2,1768911377.86775,4001,True,2.1303340326994658,True,True
2026-01-20_07-15-59,4,1,L4iF7BPyFuFjenzzn7wCO8GE,v2,1768911377.969358,4002,False,1.896291971206665,False,False
2026-01-20_07-15-59,4,2,L4iF7BPyFuFjenzzn7wCO8GE,v2,1768911377.9714172,4004,True,1.4612919185310602,True,True
2026-01-20_07-15-59,5,1,ihj7kTJcbYzQQW9dkwUimEVZ,v2,1768911378.0703712,4005,False,1.8755419878289104,False,False
2026-01-20_07-15-59,5,2,ihj7kTJcbYzQQW9dkwUimEVZ,v2,1768911378.07236,4006,False,1.6998749924823642,False,False
2026-01-20_07-15-59,5,3,ihj7kTJcbYzQQW9dkwUimEVZ,v2,1768911378.074153,4007,False,2.6760000037029386,False,False
2026-01-20_07-15-59,5,4,ihj7kTJcbYzQQW9dkwUimEVZ,v2,1768911378.0769339,4000,True,0.834000064060092,True,True
2026-01-20_07-15-59,6,1,B54UVNJErrHAtU1Z1IKRPs9p,v2,1768911378.170712,4008,False,2.2491670679301023,False,False
2026-01-20_07-15-59,6,2,B54UVNJErrHAtU1Z1IKRPs9p,v2,1768911378.173089,4009,True,1.6972500598058105,True,True
2026-01-20_07-15-59,7,1,EqO5qXw3DRbiNlwqqPE8Rkqp,v2,1768911378.271745,4001,True,1.1859580408781767,True,True
2026-01-20_07-15-59,8,1,fDx1DHLOvFNSFE0Y8jGrZrw1,v2,1768911378.3728662,4003,False,1.601333962753415,False,False
2026-01-20_07-15-59,8,2,fDx1DHLOvFNSFE0Y8jGrZrw1,v2,1768911378.374568,4004,True,1.0713329538702965,True,True
2026-01-20_07-15-59,9,1,uFZ0vJK6g2MSF9D3nEzG8Rlg,v2,1768911378.473858,4009,False,1.435707905329764,False,False
2026-01-20_07-15-59,9,2,uFZ0vJK6g2MSF9D3nEzG8Rlg,v2,1768911378.4753962,4000,True,1.0231250198557973,True,True
2026-01-20_07-15-59,10,1,JUOXYwVFlUQvMwz6cWTdbRnA,v2,1768911378.5750349,4001,False,1.2475840048864484,False,False
2026-01-20_07-15-59,10,2,JUOXYwVFlUQvMwz6cWTdbRnA,v2,1768911378.5764108,4004,True,0.9893330279737711,True,True
2026-01-20_07-15-59,11,1,lu0hStU1h4FmjFhYjtZPTKpn,v2,1768911378.6759858,4002,False,1.5538340667262673,False,False
2026-01-20_07-15-59,11,2,lu0hStU1h4FmjFhYjtZPTKpn,v2,1768911378.677682,4005,False,1.141207991167903,False,False
2026-01-20_07-15-59,11,3,lu0hStU1h4FmjFhYjtZPTKpn,v2,1768911378.6789172,4006,False,0.9815419325605035,False,False
2026-01-20_07-15-59,11,4,lu0hStU1h4FmjFhYjtZPTKpn,v2,1768911378.67996,4000,True,0.9252500021830201,True,True
2026-01-20_07-15-59,12,1,HGka0k6Q2M0bdc0KMJis0b3o,v2,1768911378.777366,4007,True,1.2858329573646188,True,True
2026-01-20_07-15-59,13,1,UtQtsmnASIiCOLPU7rfGUQve,v2,1768911378.878411,4008,True,1.1223329929634929,True,True
2026-01-20_07-15-59,14,1,cdro8N17uOOlociZDHTLVG3a,v2,1768911378.979211,4004,True,1.396500039845705,True,True
2026-01-20_07-15-59,15,1,XA9yoTOlotseaNhLv1cabULc,v2,1768911379.080755,4003,True,1.3626660220324993,True,True
2026-01-20_07-15-59,16,1,BA0aUPjKTrisnmP7ryr0BdIC,v2,1768911379.181268,4007,True,1.1095409281551838,True,True
2026-01-20_07-15-59,17,1,ThHYvyakhdUE5FNb7b5cgJhP,v2,1768911379.2823539,4008,False,1.0679169790819287,False,False
2026-01-20_07-15-59,17,2,ThHYvyakhdUE5FNb7b5cgJhP,v2,1768911379.2835488,4009,True,1.0062090586870909,True,True
2026-01-20_07-15-59,18,1,EhRAnLumq95CoIaCbidfLcJd,v2,1768911379.3833861,4000,True,1.443917048163712,True,True
2026-01-20_07-15-59,19,1,zonNvzETBW6e4MMvpYNm71TA,v2,1768911379.48455,4004,False,1.372499973513186,False,False
2026-01-20_07-15-59,19,2,zonNvzETBW6e4MMvpYNm71TA,v2,1768911379.4860291,4001,False,1.3669999316334724,False,False
2026-01-20_07-15-59,19,3,zonNvzETBW6e4MMvpYNm71TA,v2,1768911379.4875169,4003,True,1.0912090074270964,True,True
2026-01-20_07-15-59,20,1,MeRRewKFGXoz748w4cojm0eq,v2,1768911379.585762,4007,False,1.249499968253076,False,False
2026-01-20_07-15-59,20,2,MeRRewKFGXoz748w4cojm0eq,v2,1768911379.587136,4009,False,0.8407910354435444,False,False
2026-01-20_07-15-59,20,3,MeRRewKFGXoz748w4cojm0eq,v2,1768911379.5880342,4000,True,0.877083046361804,True,True
2026-01-20_07-15-59,21,1,qc8GbupNYuaE6sVe0nJGm9Zn,v2,1768911379.6866539,4000,True,1.1470839381217957,True,True
2026-01-20_07-15-59,22,1,AaTFi0buts24jGMyxMIBSgBS,v2,1768911379.787631,4003,True,1.150666968896985,True,True
2026-01-20_07-15-59,23,1,mYjcML8BJoPHiRXoXb509o99,v2,1768911379.888577,4000,True,1.1892090551555157,True,True
2026-01-20_07-15-59,24,1,So21W4YgLnS4S6NslHVwtzHz,v2,1768911379.9896572,4003,True,1.1608329368755221,True,True
2026-01-20_07-15-59,25,1,e80hs8grf61cLDcSA83oF0hj,v2,1768911380.090679,4004,True,1.0159170487895608,True,True
2026-01-20_07-15-59,26,1,pgSo0JL7aSKn6M42UNHWjysV,v2,1768911380.191767,4000,True,1.2347500305622816,True,True
2026-01-20_07-15-59,27,1,e6EKY2Tn3yMxGfi5kIGxOHnM,v2,1768911380.292796,4003,True,1.2636249884963036,True,True
2026-01-20_07-15-59,28,1,hYeYXpcL0tXCiiiECOlsiJ01,v2,1768911380.393915,4004,True,1.2577499728649855,True,True
2026-01-20_07-15-59,29,1,twL0nYRhjRPla4p6w6ILwbwk,v2,1768911380.494912,4002,False,1.0826669167727232,False,False
2026-01-20_07-15-59,29,2,twL0nYRhjRPla4p6w6ILwbwk,v2,1768911380.496116,4005,True,0.9854160016402602,True,True
2026-01-20_07-15-59,30,1,onZJqyam2nBsOQUHHaqenkiG,v2,1768911380.595984,4006,False,1.087374985218048,False,False
2026-01-20_07-15-59,30,2,onZJqyam2nBsOQUHHaqenkiG,v2,1768911380.597186,4005,True,0.9225830435752869,True,True
2026-01-20_07-15-59,31,1,Vu9PBS5lcWc9igGCgXSSI5yR,v2,1768911380.6970172,4008,True,1.4427079586312175,True,True
2026-01-20_07-15-59,32,1,N7UhcPjsv4WWkybFlBBwjDkr,v2,1768911380.799357,4000,True,1.4041659887880087,True,True
2026-01-20_07-15-59,33,1,d9xT18zdmTC9fWZbalVDCeVE,v2,1768911380.898499,4003,True,1.2940840097144246,True,True
2026-01-20_07-15-59,34,1,ErULXJ4SsRTiw3en2OIld20R,v2,1768911380.999806,4004,False,1.3599579688161612,False,False
2026-01-20_07-15-59,34,2,ErULXJ4SsRTiw3en2OIld20R,v2,1768911381.001316,4001,True,1.2134159915149212,True,True
2026-01-20_07-15-59,35,1,2z0tfVOEzkYP3aMISnzCltan,v2,1768911381.10062,4005,False,1.1574170785024762,False,False
2026-01-20_07-15-59,35,2,2z0tfVOEzkYP3aMISnzCltan,v2,1768911381.1018891,4007,False,1.254917006008327,False,False
2026-01-20_07-15-59,35,3,2z0tfVOEzkYP3aMISnzCltan,v2,1768911381.103245,4008,False,1.059417030774057,False,False
2026-01-20_07-15-59,35,4,2z0tfVOEzkYP3aMISnzCltan,v2,1768911381.104365,4000,True,1.0791660752147436,True,True
2026-01-20_07-15-59,36,1,77wgi938OtWBu5jzXctSUOnX,v2,1768911381.201617,4009,True,1.4862499665468931,True,True
2026-01-20_07-15-59,37,1,n3TykEefdHsubwyA4UZkjkrH,v2,1768911381.302894,4003,False,1.196958008222282,False,False
2026-01-20_07-15-59,37,2,n3TykEefdHsubwyA4UZkjkrH,v2,1768911381.30434,4001,True,0.9950000094249845,True,True
2026-01-20_07-15-59,38,1,uk9naA02eYg5bFQWjpYdLgaM,v2,1768911381.402936,4009,False,1.13483308814466,False,False
2026-01-20_07-15-59,38,2,uk9naA02eYg5bFQWjpYdLgaM,v2,1768911381.404202,4000,True,0.9607919491827488,True,True
2026-01-20_07-15-59,39,1,MGrSg9jOKcH81HT06XfuWh69,v2,1768911381.5039601,4001,False,1.0378749575465918,False,False
2026-01-20_07-15-59,39,2,MGrSg9jOKcH81HT06XfuWh69,v2,1768911381.505109,4000,True,0.9297080105170608,True,True
2026-01-20_07-15-59,40,1,53oEN4apyFQHavmLgHpJR9fc,v2,1768911381.605075,4000,True,1.115916995331645,True,True
2026-01-20_07-15-59,41,1,DGwlweHtXCU0VaQPEQoWNTHh,v2,1768911381.706155,4000,True,1.1328340042382479,True,True
2026-01-20_07-15-59,42,1,qYHwNAL3JqnZN7tzAGM7yECV,v2,1768911381.813788,4004,True,1.3002080377191305,True,True
2026-01-20_07-15-59,43,1,JZWWanr21TiFz0KdotpMn6nG,v2,1768911381.908658,4000,True,1.2264170218259096,True,True
2026-01-20_07-15-59,44,1,277F90Opp1Pl6biY2vK7gGOF,v2,1768911382.009805,4003,True,1.4088749885559082,True,True
2026-01-20_07-15-59,45,1,LwP4Ps1tkZWRvJgPeL85OPYk,v2,1768911382.1107929,4004,True,1.2518339790403843,True,True
2026-01-20_07-15-59,46,1,osiinFOpEXT5I7sl20RTeGZM,v2,1768911382.211633,4000,True,1.2841250281780958,True,True
2026-01-20_07-15-59,47,1,BvgiOpenzdA0daB0e3BjJGph,v2,1768911382.312806,4003,True,1.4845420373603702,True,True
2026-01-20_07-15-59,48,1,ndYvxusz9gI2ErPdIdM6mCPr,v2,1768911382.4137862,4004,True,1.110499957576394,True,True
2026-01-20_07-15-59,49,1,EhbYGgltoKulyIXKbrrmzSqZ,v2,1768911382.514844,4000,True,1.1005830019712448,True,True
2026-01-20_07-15-59,50,1,Pc0b5tzH6aehGtYhiCpIsCwk,v2,1768911382.61615,4005,False,1.1214999249204993,False,False
2026-01-20_07-15-59,50,2,Pc0b5tzH6aehGtYhiCpIsCwk,v2,1768911382.6174011,4007,False,0.9579169563949108,False,False
2026-01-20_07-15-59,50,3,Pc0b5tzH6aehGtYhiCpIsCwk,v2,1768911382.618437,4008,True,0.9258750360459089,True,True
2026-01-20_07-15-59,51,1,mjfUuMNo54YM6YsCbR89RJU0,v2,1768911382.716954,4003,True,1.1049159802496433,True,True
2026-01-20_07-15-59,52,1,CFORYrvtVscbEou6udKcQ8kG,v2,1768911382.81702,4004,False,1.0162499966099858,False,False
2026-01-20_07-15-59,52,2,CFORYrvtVscbEou6udKcQ8kG,v2,1768911382.818892,4008,False,1.0405420325696468,False,False
2026-01-20_07-15-59,52,3,CFORYrvtVscbEou6udKcQ8kG,v2,1768911382.8229618,4002,True,0.9445420000702143,True,True
2026-01-20_07-15-59,53,1,98eSE9um6Bwsri3Rd8FOGR8k,v2,1768911382.9181561,4002,True,1.2705839471891522,True,True
2026-01-20_07-15-59,54,1,O5MvRRvsngKaqsR5jJ97sCiu,v2,1768911383.019077,4002,True,1.1976659297943115,True,True
2026-01-20_07-15-59,55,1,3QK90Jto6ej9YWkJHaY3wJjT,v2,1768911383.120165,4006,True,1.187582965940237,True,True
2026-01-20_07-15-59,56,1,hOmQ8Jo9JmCGW2GcdRaq2NKt,v2,1768911383.220455,4006,False,1.073541003279388,False,False
2026-01-20_07-15-59,56,2,hOmQ8Jo9JmCGW2GcdRaq2NKt,v2,1768911383.221635,4002,False,0.8108749752864242,False,False
2026-01-20_07-15-59,56,3,hOmQ8Jo9JmCGW2GcdRaq2NKt,v2,1768911383.222495,4009,False,0.7984589319676161,False,False
2026-01-20_07-15-59,56,4,hOmQ8Jo9JmCGW2GcdRaq2NKt,v2,1768911383.2233338,4000,True,0.9075830457732081,True,True
2026-01-20_07-15-59,57,1,2L0ptMnvJGYXEJRYlnytA2gG,v2,1768911383.320883,4001,True,1.3814999256283045,True,True
2026-01-20_07-15-59,58,1,gw4U6IYQSsHkSCSMzvY8Fn1c,v2,1768911383.4216661,4003,True,1.0627079755067825,True,True
2026-01-20_07-15-59,59,1,6bfQJz7tUQWX647pgoQ6toYm,v2,1768911383.522639,4000,True,1.071334001608193,True,True
2026-01-20_07-15-59,60,1,pBtR3vcAzIQWZrOtiTxsLXgH,v2,1768911383.6236951,4001,True,1.161959022283554,True,True
2026-01-20_07-15-59,61,1,Ehsvpg4QZI6uBRSQzV2HNSjQ,v2,1768911383.72475,4003,True,1.0336249833926558,True,True
2026-01-20_07-15-59,62,1,lZx7WmD9tyhXEVtsv80ts2AP,v2,1768911383.825946,4000,True,1.242915983311832,True,True
2026-01-20_07-15-59,63,1,4gtT06VlySlStk41s3eUen3e,v2,1768911383.926881,4001,False,1.126041985116899,False,False
2026-01-20_07-15-59,63,2,4gtT06VlySlStk41s3eUen3e,v2,1768911383.9281301,4003,True,0.7829999085515738,True,True
2026-01-20_07-15-59,64,1,3qSkUkcR2ejZmxHTcNOesDuu,v2,1768911384.027858,4000,True,1.338082947768271,True,True
2026-01-20_07-15-59,65,1,dj4hiBXEmiYqUXtohZNpWo1B,v2,1768911384.128603,4003,True,1.2283329851925373,True,True
2026-01-20_07-15-59,66,1,oFkEyjz3wxWLRqXhQj8drPwW,v2,1768911384.229629,4000,True,1.4724999200552702,True,True
2026-01-20_07-15-59,67,1,qEbCsm7pApUg3Zsgzsfw2OUl,v2,1768911384.33077,4003,True,1.2199579505249858,True,True
2026-01-20_07-15-59,68,1,7H81GzAW5vt75EttHIfvP4sX,v2,1768911384.431702,4000,True,1.2109579984098673,True,True
2026-01-20_07-15-59,69,1,96J2P7McNlyvpODVADhvNOT3,v2,1768911384.532328,4004,True,0.9995830478146672,True,True
2026-01-20_07-15-59,70,1,RtFjMauEjaPu5ZdAh2DYpJw0,v2,1768911384.633627,4000,True,1.1171660153195262,True,True
2026-01-20_07-15-59,71,1,nn8lQPwzstQtjwMtdzRMRSqJ,v2,1768911384.733454,4003,True,1.0555420303717256,True,True
2026-01-20_07-15-59,72,1,8LvmYYCDvavx4YExk4rp3UWV,v2,1768911384.8345878,4004,False,1.244500046595931,False,False
2026-01-20_07-15-59,72,2,8LvmYYCDvavx4YExk4rp3UWV,v2,1768911384.835964,4000,True,0.8832920575514436,True,True
2026-01-20_07-15-59,73,1,3tDO0YdMu4pX63BiBgj6v7Qs,v2,1768911384.93565,4003,True,1.1180000146850944,True,True
2026-01-20_07-15-59,74,1,2Fak57SSo795P6zbKpkQrGqC,v2,1768911385.0366452,4000,True,1.1344999074935913,True,True
2026-01-20_07-15-59,75,1,reGEFAxA07bvvouNxTHZuBXl,v2,1768911385.137053,4003,True,1.2005839962512255,True,True
2026-01-20_07-15-59,76,1,HeyStNzSV5PMYRNLsBkVauAv,v2,1768911385.238081,4000,True,1.1387909762561321,True,True
2026-01-20_07-15-59,77,1,0oecJcQTAJpTMNflVASv7u40,v2,1768911385.338468,4002,True,1.4752499992027879,True,True
2026-01-20_07-15-59,78,1,ymk1oc6rKXxGTENaVqVL5B4X,v2,1768911385.439606,4008,True,1.2806669110432267,True,True
2026-01-20_07-15-59,79,1,EqDulgztwxlO3AimY6IA6Im0,v2,1768911385.5404642,4009,False,1.3043750077486038,False,False
2026-01-20_07-15-59,79,2,EqDulgztwxlO3AimY6IA6Im0,v2,1768911385.541913,4005,True,0.9734589839354157,True,True
2026-01-20_07-15-59,80,1,ODwA4GA36SumwEE4s3LGcZCm,v2,1768911385.641515,4005,False,1.143084024079144,False,False
2026-01-20_07-15-59,80,2,ODwA4GA36SumwEE4s3LGcZCm,v2,1768911385.642787,4007,True,0.899125006981194,True,True
2026-01-20_07-15-59,81,1,udY7EpfWcehLqpodeAZvrOde,v2,1768911385.741858,4007,False,1.1418330250307918,False,False
2026-01-20_07-15-59,81,2,udY7EpfWcehLqpodeAZvrOde,v2,1768911385.743131,4002,True,0.9072079556062818,True,True
2026-01-20_07-15-59,82,1,QSqGfmyPzLKn3IfxSGgw0kRW,v2,1768911385.842901,4008,True,1.1105409357696772,True,True
2026-01-20_07-15-59,83,1,pYB0MFmgF591J6MLiDpGXu7i,v2,1768911385.9440188,4003,True,1.2323749251663685,True,True
2026-01-20_07-15-59,84,1,2tvq4q2HdpR0MyJCv8z5snQr,v2,1768911386.044949,4002,False,1.1361250653862953,False,False
2026-01-20_07-15-59,84,2,2tvq4q2HdpR0MyJCv8z5snQr,v2,1768911386.046208,4008,False,0.9410829516127706,False,False
2026-01-20_07-15-59,84,3,2tvq4q2HdpR0MyJCv8z5snQr,v2,1768911386.047231,4006,True,0.8766670944169164,True,True
2026-01-20_07-15-59,85,1,mWFZjSWkdDD47tLysKXHWPF5,v2,1768911386.1460302,4006,False,1.1272920528426766,False,False
2026-01-20_07-15-59,85,2,mWFZjSWkdDD47tLysKXHWPF5,v2,1768911386.147317,4000,True,0.911833019927144,True,True
2026-01-20_07-15-59,86,1,JotlIbXr1oZCsjD4CJUYme2D,v2,1768911386.247185,4003,True,3.0660410411655903,True,True
2026-01-20_07-15-59,87,1,MdJCzEB6ErjD8UfMJdFwjwVh,v2,1768911386.348077,4001,True,1.1352079454809427,True,True
2026-01-20_07-15-59,88,1,gEwjxAYvtvEUtabHWdeNeAtX,v2,1768911386.449019,4000,True,1.188417081721127,True,True
2026-01-20_07-15-59,89,1,VeZKzrudKJZRr9ULO0EefEWh,v2,1768911386.549761,4001,True,1.0327500058338046,True,True
2026-01-20_07-15-59,90,1,25yM2rS41JSYGr33UTGgJSLn,v2,1768911386.651115,4003,True,1.2388750910758972,True,True
2026-01-20_07-15-59,91,1,AsO8WMLFTVTHD6mi2xGb0a45,v2,1768911386.7517781,4000,True,1.12829206045717,True,True
2026-01-20_07-15-59,92,1,ktI0ZOR8gzsCZRm4XaMRFJVV,v2,1768911386.85325,4001,True,1.075125066563487,True,True
2026-01-20_07-15-59,93,1,rpkDzu4SjpVDqwTxahCr8e3J,v2,1768911386.953585,4003,True,1.1533329961821437,True,True
2026-01-20_07-15-59,94,1,iWDqhiwfqVoQ2FrdxdqOaRbw,v2,1768911387.054605,4000,True,1.1711249826475978,True,True
2026-01-20_07-15-59,95,1,4R2wRUkZfpK6afW2vj7fzqTo,v2,1768911387.1556501,4001,True,1.0700409766286612,True,True
2026-01-20_07-15-59,96,1,KiNX7j43an9YwuVEiYiEHAZf,v2,1768911387.256639,4003,True,1.021042000502348,True,True
2026-01-20_07-15-59,97,1,mXG4WLMWtQ9c7avQrZZhSEVp,v2,1768911387.3577542,4000,True,1.050792052410543,True,True
2026-01-20_07-15-59,98,1,wHRPuNFexHmCFn3IsDDIoLuO,v2,1768911387.45871,4001,False,1.042208052240312,False,False
2026-01-20_07-15-59,98,2,wHRPuNFexHmCFn3IsDDIoLuO,v2,1768911387.4598532,4004,True,0.797332962974906,True,True
2026-01-20_07-15-59,99,1,nvrPhiJTqLNwk6Q0UnYvxzxN,v2,1768911387.5592709,4003,True,1.0551250306889415,True,True
2026-01-20_07-15-59,100,1,axPZshTlEFGPlBTfc2t3DZmn,v2,1768911387.660328,4000,True,1.0467090178281069,True,True
